{
	"info": {
		"_postman_id": "6f048420-31c4-4df1-abca-d0fa802e2d87",
		"name": "Employer",
		"schema": "https://schema.getpostman.com/json/collection/v2.1.0/collection.json"
	},
	"item": [
		{
			"name": "registration",
			"request": {
				"method": "POST",
				"header": [],
				"body": {
					"mode": "raw",
					"raw": "{\r\n  \"first_name\": \"rohann\",\r\n  \"last_name\": \"last\",\r\n  \"company_name\": \"rohann company\",\r\n  \"mobile_number\": 9988998865,\r\n  \"email\": \"rohann@gmail.com\",\r\n  \"password\": \"pass123\",\r\n  \"confirm_password\": \"pass123\"\r\n}",
					"options": {
						"raw": {
							"language": "json"
						}
					}
				},
				"url": {
					"raw": "{{url}}/api/employer/registration/",
					"host": [
						"{{url}}"
					],
					"path": [
						"api",
						"employer",
						"registration",
						""
					]
				},
				"description": "{{url}}/api/employer/registration"
			},
			"response": []
		},
		{
			"name": "create job",
			"request": {
				"auth": {
					"type": "bearer",
					"bearer": [
						{
							"key": "token",
							"value": "eyJ0eXAiOiJKV1QiLCJhbGciOiJIUzI1NiJ9.eyJlbWFpbCI6InJvaGFuQGdtYWlsLmNvbSIsIm1vYmlsZV9udW1iZXIiOjk5ODg5OTg4NjYsImlkIjozfQ.Ad5luZ0QGKGE-ske41k_5LQBImKsqcnnZ4ap6JAj7j4",
							"type": "string"
						}
					]
				},
				"method": "POST",
				"header": [],
				"body": {
					"mode": "raw",
					"raw": "{\r\n    \"category\":\"TV\",\r\n    \"other_category\":\"Casting Call\",\r\n    \"role_type\":\"Supporting\",\r\n    \"project_title\":\"Bahubali 3\",\r\n    \"primary_language\":\"Telugu\",\r\n    \"additional_language\":\"\",\r\n    \"project_description\":\"asdasdasasdasdasdadasdadasdasdasdasdasda\",\r\n    \"character_name\":\"aasdass\",\r\n    \"age_start\":30,\r\n    \"age_end\":40,\r\n    \"playing_role\":\"King, Warrior\",\r\n    \"traits\":\"tall,family pack\",\r\n    \"role_description\":\"asdasdas\",\r\n    \"skills\":\"dancing,horse riding\",\r\n    \"pay_rage\":\"low paid\",\r\n    \"experience\":\"freshers\",\r\n    \"location\":\"mumbai\",\r\n    \"apply_date\":\"2022-02-11\"\r\n\r\n}",
					"options": {
						"raw": {
							"language": "json"
						}
					}
				},
				"url": {
					"raw": "{{url}}/api/employer/create_job",
					"host": [
						"{{url}}"
					],
					"path": [
						"api",
						"employer",
						"create_job"
					]
				},
				"description": "{{url}}/api/employer/registration"
			},
			"response": []
		},
		{
			"name": "create job two",
			"request": {
				"auth": {
					"type": "bearer",
					"bearer": [
						{
							"key": "token",
							"value": "eyJ0eXAiOiJKV1QiLCJhbGciOiJIUzI1NiJ9.eyJlbWFpbCI6InJvaGFuQGdtYWlsLmNvbSIsIm1vYmlsZV9udW1iZXIiOjk5ODg5OTg4NjYsImlkIjozfQ.Ad5luZ0QGKGE-ske41k_5LQBImKsqcnnZ4ap6JAj7j4",
							"type": "string"
						}
					]
				},
				"method": "POST",
				"header": [],
				"body": {
					"mode": "raw",
					"raw": "{\r\n    \"category\":\"TV\",\r\n    \"profession\":\"Art director\",\r\n    \"project_title\":\"Bahubali 3\",\r\n    \"project_description\":\"asdasdasasdasdasdadasdadasdasdasdasdasda\",\r\n    \"directed_by\":\"Amarendra\",\r\n    \"duration_start\":\"2022-02-11\",\r\n    \"duration_end\":\"2022-02-12\",\r\n    \"shooting_days\":\"50 days\",\r\n    \"pay_rage\":\"low paid\",\r\n    \"experience\":\"freshers\",\r\n    \"location\":\"mumbai\",\r\n    \"apply_date\":\"2022-02-10\"\r\n\r\n}",
					"options": {
						"raw": {
							"language": "json"
						}
					}
				},
				"url": {
					"raw": "{{url}}/api/employer/create_job_two/",
					"host": [
						"{{url}}"
					],
					"path": [
						"api",
						"employer",
						"create_job_two",
						""
					]
				},
				"description": "{{url}}/api/employer/registration"
			},
			"response": []
		},
		{
			"name": "create job three",
			"request": {
				"auth": {
					"type": "bearer",
					"bearer": [
						{
							"key": "token",
							"value": "eyJ0eXAiOiJKV1QiLCJhbGciOiJIUzI1NiJ9.eyJlbWFpbCI6InJvaGFuQGdtYWlsLmNvbSIsIm1vYmlsZV9udW1iZXIiOjk5ODg5OTg4NjYsImlkIjozfQ.Ad5luZ0QGKGE-ske41k_5LQBImKsqcnnZ4ap6JAj7j4",
							"type": "string"
						}
					]
				},
				"method": "POST",
				"header": [],
				"body": {
					"mode": "raw",
					"raw": "{\r\n    \"category\":\"Tallv\",\r\n    \"role_type\":\"Art director\",\r\n    \"job_description\":\"asdasdasasdasdasdadasdadasdasdasdasdasda\",\r\n    \"skills\":\"Amarendra\",\r\n    \"pay_rage\":\"low paid\",\r\n    \"experience\":\"freshers\",\r\n    \"employment_type\":\"part time\",\r\n    \"position_type\":\"temporary\",\r\n    \"location\":\"mumbai\",\r\n    \"apply_date\":\"2022-02-10\"\r\n\r\n}",
					"options": {
						"raw": {
							"language": "json"
						}
					}
				},
				"url": {
					"raw": "{{url}}/api/employer/create_job_three/",
					"host": [
						"{{url}}"
					],
					"path": [
						"api",
						"employer",
						"create_job_three",
						""
					]
				},
				"description": "{{url}}/api/employer/registration"
			},
			"response": []
		},
		{
			"name": "update job",
			"request": {
				"auth": {
					"type": "bearer",
					"bearer": [
						{
							"key": "token",
							"value": "eyJ0eXAiOiJKV1QiLCJhbGciOiJIUzI1NiJ9.eyJlbWFpbCI6InJvaGFuQGdtYWlsLmNvbSIsIm1vYmlsZV9udW1iZXIiOjk5ODg5OTg4NjYsImlkIjozfQ.Ad5luZ0QGKGE-ske41k_5LQBImKsqcnnZ4ap6JAj7j4",
							"type": "string"
						}
					]
				},
				"method": "POST",
				"header": [],
				"body": {
					"mode": "raw",
					"raw": "{\r\n    \"category\":\"Filmzzz\",\r\n    \"other_category\":\"Casting Call\",\r\n    \"role_type\":\"Lead Role\",\r\n    \"project_title\":\"Bahubali 3\",\r\n    \"primary_language\":\"Telugu\",\r\n    \"additional_language\":\"\",\r\n    \"project_description\":\"asdasdasasdasdasdadasdadasdasdasdasdasda\",\r\n    \"character_name\":\"Amarendra\",\r\n    \"age_start\":30,\r\n    \"age_end\":40,\r\n    \"playing_role\":\"King, Warrior\",\r\n    \"traits\":\"tall,family pack\",\r\n    \"role_description\":\"asdasdas\",\r\n    \"skills\":\"dancing,horse riding\",\r\n    \"pay_rage\":\"low paid\",\r\n    \"experience\":\"freshers\",\r\n    \"location\":\"mumbai\",\r\n    \"apply_date\":\"2022-02-10\",\r\n    \"id\":7\r\n\r\n}",
					"options": {
						"raw": {
							"language": "json"
						}
					}
				},
				"url": {
					"raw": "{{url}}/api/employer/update_job/",
					"host": [
						"{{url}}"
					],
					"path": [
						"api",
						"employer",
						"update_job",
						""
					]
				},
				"description": "{{url}}/api/employer/registration"
			},
			"response": []
		},
		{
			"name": "update job two",
			"request": {
				"auth": {
					"type": "bearer",
					"bearer": [
						{
							"key": "token",
							"value": "eyJ0eXAiOiJKV1QiLCJhbGciOiJIUzI1NiJ9.eyJlbWFpbCI6InJvaGFuQGdtYWlsLmNvbSIsIm1vYmlsZV9udW1iZXIiOjk5ODg5OTg4NjYsImlkIjozfQ.Ad5luZ0QGKGE-ske41k_5LQBImKsqcnnZ4ap6JAj7j4",
							"type": "string"
						}
					]
				},
				"method": "POST",
				"header": [],
				"body": {
					"mode": "raw",
					"raw": "{\r\n    \"category\":\"TVzzzzzz\",\r\n    \"profession\":\"Art director\",\r\n    \"project_title\":\"Bahubali 3\",\r\n    \"project_description\":\"asdasdasasdasdasdadasdadasdasdasdasdasda\",\r\n    \"directed_by\":\"Amarendra\",\r\n    \"duration_start\":\"2022-02-11\",\r\n    \"duration_end\":\"2022-02-12\",\r\n    \"shooting_days\":\"50 days\",\r\n    \"pay_rage\":\"low paid\",\r\n    \"experience\":\"freshers\",\r\n    \"location\":\"mumbai\",\r\n    \"apply_date\":\"2022-02-10\",\r\n    \"id\":10\r\n\r\n}",
					"options": {
						"raw": {
							"language": "json"
						}
					}
				},
				"url": {
					"raw": "{{url}}/api/employer/update_job_two/",
					"host": [
						"{{url}}"
					],
					"path": [
						"api",
						"employer",
						"update_job_two",
						""
					]
				},
				"description": "{{url}}/api/employer/registration"
			},
			"response": []
		},
		{
			"name": "update job three",
			"request": {
				"auth": {
					"type": "bearer",
					"bearer": [
						{
							"key": "token",
							"value": "eyJ0eXAiOiJKV1QiLCJhbGciOiJIUzI1NiJ9.eyJlbWFpbCI6InJvaGFuQGdtYWlsLmNvbSIsIm1vYmlsZV9udW1iZXIiOjk5ODg5OTg4NjYsImlkIjozfQ.Ad5luZ0QGKGE-ske41k_5LQBImKsqcnnZ4ap6JAj7j4",
							"type": "string"
						}
					]
				},
				"method": "POST",
				"header": [],
				"body": {
					"mode": "raw",
					"raw": "{\r\n    \"category\":\"Tallvasd\",\r\n    \"role_type\":\"Art director\",\r\n    \"job_description\":\"asdasdasasdasdasdadasdadasdasdasdasdasda\",\r\n    \"skills\":\"Amarendra\",\r\n    \"pay_rage\":\"low paid\",\r\n    \"experience\":\"freshers\",\r\n    \"employment_type\":\"part time\",\r\n    \"position_type\":\"temporary\",\r\n    \"location\":\"mumbai\",\r\n    \"apply_date\":\"2022-02-10\",\r\n    \"id\":11\r\n\r\n}",
					"options": {
						"raw": {
							"language": "json"
						}
					}
				},
				"url": {
					"raw": "{{url}}/api/employer/update_job_three/",
					"host": [
						"{{url}}"
					],
					"path": [
						"api",
						"employer",
						"update_job_three",
						""
					]
				},
				"description": "{{url}}/api/employer/registration"
			},
			"response": []
		},
		{
			"name": "get_all_jobs",
			"protocolProfileBehavior": {
				"disableBodyPruning": true
			},
			"request": {
				"method": "GET",
				"header": [],
				"body": {
					"mode": "raw",
					"raw": "",
					"options": {
						"raw": {
							"language": "json"
						}
					}
				},
				"url": {
					"raw": "{{url}}/api/employer/get_all_job/",
					"host": [
						"{{url}}"
					],
					"path": [
						"api",
						"employer",
						"get_all_job",
						""
					]
				},
				"description": "{{url}}/api/employer/registration"
			},
			"response": []
		},
		{
			"name": "get_jobs",
			"protocolProfileBehavior": {
				"disableBodyPruning": true
			},
			"request": {
				"auth": {
					"type": "bearer",
					"bearer": [
						{
							"key": "token",
							"value": "eyJ0eXAiOiJKV1QiLCJhbGciOiJIUzI1NiJ9.eyJlbWFpbCI6InJvaGFuQGdtYWlsLmNvbSIsIm1vYmlsZV9udW1iZXIiOjk5ODg5OTg4NjYsImlkIjozfQ.Ad5luZ0QGKGE-ske41k_5LQBImKsqcnnZ4ap6JAj7j4",
							"type": "string"
						}
					]
				},
				"method": "GET",
				"header": [],
				"body": {
					"mode": "raw",
					"raw": "",
					"options": {
						"raw": {
							"language": "json"
						}
					}
				},
				"url": {
					"raw": "{{url}}/api/employer/get_job/?id=32",
					"host": [
						"{{url}}"
					],
					"path": [
						"api",
						"employer",
						"get_job",
						""
					],
					"query": [
						{
							"key": "id",
							"value": "32"
						}
					]
				},
				"description": "{{url}}/api/employer/registration"
			},
			"response": []
		},
		{
			"name": "search_jobs",
			"request": {
				"auth": {
					"type": "bearer",
					"bearer": [
						{
							"key": "token",
							"value": "eyJ0eXAiOiJKV1QiLCJhbGciOiJIUzI1NiJ9.eyJlbWFpbCI6InJvaGFuQGdtYWlsLmNvbSIsIm1vYmlsZV9udW1iZXIiOjk5ODg5OTg4NjYsImlkIjozfQ.Ad5luZ0QGKGE-ske41k_5LQBImKsqcnnZ4ap6JAj7j4",
							"type": "string"
						}
					]
				},
				"method": "POST",
				"header": [],
				"body": {
					"mode": "raw",
					"raw": "{\r\n    \"category\":\"OTT\"\r\n}",
					"options": {
						"raw": {
							"language": "json"
						}
					}
				},
				"url": {
					"raw": "{{url}}/api/employer/search_jobs/",
					"host": [
						"{{url}}"
					],
					"path": [
						"api",
						"employer",
						"search_jobs",
						""
					]
				},
				"description": "{{url}}/api/employer/registration"
			},
			"response": []
		},
		{
			"name": "verifyOtp",
			"request": {
				"method": "POST",
				"header": [],
				"body": {
					"mode": "raw",
					"raw": "{\r\n  \"enc_id\": \"OQ==\",\r\n  \"otp\": 11787\r\n}",
					"options": {
						"raw": {
							"language": "json"
						}
					}
				},
				"url": {
					"raw": "{{url}}/api/employer/verifyOtp/",
					"host": [
						"{{url}}"
					],
					"path": [
						"api",
						"employer",
						"verifyOtp",
						""
					]
				},
				"description": "{{url}}/api/employer/verifyOtp"
			},
			"response": []
		}
	]
}