{
	"info": {
		"_postman_id": "15cb9582-cb63-4929-8179-c5832d40ee8a",
		"name": "TalentKind Copy",
		"schema": "https://schema.getpostman.com/json/collection/v2.1.0/collection.json"
	},
	"item": [
		{
			"name": "registration",
			"request": {
				"method": "POST",
				"header": [],
				"body": {
					"mode": "raw",
					"raw": "{\r\n  \"first_name\": \"\",\r\n  \"last_name\": \"pass123\",\r\n  \"mobile_number\": 9582365985,\r\n  \"email\": \"sss@gmail.com\",\r\n  \"password\": \"pass123\"\r\n}",
					"options": {
						"raw": {
							"language": "json"
						}
					}
				},
				"url": {
					"raw": "{{url}}/api/talent/registration",
					"host": [
						"{{url}}"
					],
					"path": [
						"api",
						"talent",
						"registration"
					]
				},
				"description": "http://localhost:8081/talent/registration"
			},
			"response": []
		},
		{
			"name": "verifyOtp",
			"request": {
				"auth": {
					"type": "bearer",
					"bearer": [
						{
							"key": "token",
							"value": "eyJ0eXAiOiJKV1QiLCJhbGciOiJIUzI1NiJ9.eyJlbWFpbCI6InN3YXRpQGdtYWlsLmNvbSIsIm1vYmlsZV9udW1iZXIiOjk0MDU3MTQ3NDYsImlkIjoxfQ.8ku_cd8dNIjL8bW0q0BgeDIkZhdfZY7pFt1S3GYEssU",
							"type": "string"
						}
					]
				},
				"method": "POST",
				"header": [],
				"body": {
					"mode": "raw",
					"raw": "{\r\n  \"enc_id\": \"MQ==\",\r\n  \"otp\": 1234\r\n}",
					"options": {
						"raw": {
							"language": "json"
						}
					}
				},
				"url": {
					"raw": "{{url}}/api/talent/verifyOtp",
					"host": [
						"{{url}}"
					],
					"path": [
						"api",
						"talent",
						"verifyOtp"
					]
				},
				"description": "http://localhost:8081/talent/verifyOtp"
			},
			"response": []
		},
		{
			"name": "login",
			"request": {
				"auth": {
					"type": "bearer",
					"bearer": [
						{
							"key": "token",
							"value": "",
							"type": "string"
						}
					]
				},
				"method": "POST",
				"header": [],
				"body": {
					"mode": "raw",
					"raw": "{\r\n  \"username\": \"raja_gokhale@technobase.in\",\r\n  \"password\": \"pass1234\"\r\n}",
					"options": {
						"raw": {
							"language": "json"
						}
					}
				},
				"url": {
					"raw": "{{url}}/api/talent/login",
					"host": [
						"{{url}}"
					],
					"path": [
						"api",
						"talent",
						"login"
					]
				},
				"description": "http://localhost:8081/talent/login"
			},
			"response": []
		},
		{
			"name": "resendOtp",
			"request": {
				"auth": {
					"type": "bearer",
					"bearer": [
						{
							"key": "token",
							"value": "eyJ0eXAiOiJKV1QiLCJhbGciOiJIUzI1NiJ9.eyJlbWFpbCI6InN3YXRpQGdtYWlsLmNvbSIsIm1vYmlsZV9udW1iZXIiOjk0MDU3MTQ3NDYsImlkIjoxfQ.8ku_cd8dNIjL8bW0q0BgeDIkZhdfZY7pFt1S3GYEssU",
							"type": "string"
						}
					]
				},
				"method": "POST",
				"header": [],
				"body": {
					"mode": "raw",
					"raw": "{\r\n  \"enc_id\": \"MTE5\"\r\n \r\n}",
					"options": {
						"raw": {
							"language": "json"
						}
					}
				},
				"url": {
					"raw": "{{url}}/api/talent/resendOtp",
					"host": [
						"{{url}}"
					],
					"path": [
						"api",
						"talent",
						"resendOtp"
					]
				},
				"description": "http://localhost:8081/talent/resendOtp"
			},
			"response": []
		},
		{
			"name": "quick_search",
			"request": {
				"auth": {
					"type": "bearer",
					"bearer": [
						{
							"key": "token",
							"value": "eyJ0eXAiOiJKV1QiLCJhbGciOiJIUzI1NiJ9.eyJlbWFpbCI6InJhamFfZ29raGFsZUB0ZWNobm9iYXNlLmluIiwibW9iaWxlX251bWJlciI6OTY4OTQyOTM0OSwiaWQiOjM5fQ.EvjYAPDEppfLz5lfxd0N5R_ETCmA-aGQw0YlXRLqXTM",
							"type": "string"
						}
					]
				},
				"method": "POST",
				"header": [],
				"body": {
					"mode": "raw",
					"raw": "{\r\n    \"job_type\":\"office_job\",\r\n    \"category_name\":\"\",\r\n    \"profession\":\"\",\r\n    \"location\":\"Mumbai\",\r\n    \"experience\":\"\",\r\n    \"pay_range\":\"\"\r\n}",
					"options": {
						"raw": {
							"language": "json"
						}
					}
				},
				"url": {
					"raw": "{{url}}/api/talent/quick_search/?id=8",
					"host": [
						"{{url}}"
					],
					"path": [
						"api",
						"talent",
						"quick_search",
						""
					],
					"query": [
						{
							"key": "id",
							"value": "8"
						}
					]
				}
			},
			"response": []
		},
		{
			"name": "save_search",
			"request": {
				"auth": {
					"type": "bearer",
					"bearer": [
						{
							"key": "token",
							"value": "eyJ0eXAiOiJKV1QiLCJhbGciOiJIUzI1NiJ9.eyJlbWFpbCI6InJhamFfZ29raGFsZUB0ZWNobm9iYXNlLmluIiwibW9iaWxlX251bWJlciI6OTY4OTQyOTM0OSwiaWQiOjM5fQ.EvjYAPDEppfLz5lfxd0N5R_ETCmA-aGQw0YlXRLqXTM",
							"type": "string"
						}
					]
				},
				"method": "POST",
				"header": [],
				"body": {
					"mode": "raw",
					"raw": "{\r\n    \"job_type\":\"\",\r\n    \"category_name\":\"\",\r\n    \"profession\":\"\",\r\n    \"location\":\"Mumbai\",\r\n    \"experience\":\"\",\r\n    \"pay_range\":\"\",\r\n    \"search_name\":\"new filter2\"\r\n}",
					"options": {
						"raw": {
							"language": "json"
						}
					}
				},
				"url": {
					"raw": "{{url}}/api/talent/save_search/",
					"host": [
						"{{url}}"
					],
					"path": [
						"api",
						"talent",
						"save_search",
						""
					]
				}
			},
			"response": []
		},
		{
			"name": "get_all_search",
			"protocolProfileBehavior": {
				"disableBodyPruning": true
			},
			"request": {
				"auth": {
					"type": "bearer",
					"bearer": [
						{
							"key": "token",
							"value": "eyJ0eXAiOiJKV1QiLCJhbGciOiJIUzI1NiJ9.eyJlbWFpbCI6InJhamFfZ29raGFsZUB0ZWNobm9iYXNlLmluIiwibW9iaWxlX251bWJlciI6OTY4OTQyOTM0OSwiaWQiOjM5fQ.EvjYAPDEppfLz5lfxd0N5R_ETCmA-aGQw0YlXRLqXTM",
							"type": "string"
						}
					]
				},
				"method": "GET",
				"header": [],
				"body": {
					"mode": "raw",
					"raw": "",
					"options": {
						"raw": {
							"language": "json"
						}
					}
				},
				"url": {
					"raw": "{{url}}/api/talent/get_all_search/?id=4",
					"host": [
						"{{url}}"
					],
					"path": [
						"api",
						"talent",
						"get_all_search",
						""
					],
					"query": [
						{
							"key": "id",
							"value": "4"
						}
					]
				}
			},
			"response": []
		},
		{
			"name": "update_search",
			"request": {
				"auth": {
					"type": "bearer",
					"bearer": [
						{
							"key": "token",
							"value": "eyJ0eXAiOiJKV1QiLCJhbGciOiJIUzI1NiJ9.eyJlbWFpbCI6InJhamFfZ29raGFsZUB0ZWNobm9iYXNlLmluIiwibW9iaWxlX251bWJlciI6OTY4OTQyOTM0OSwiaWQiOjM5fQ.EvjYAPDEppfLz5lfxd0N5R_ETCmA-aGQw0YlXRLqXTM",
							"type": "string"
						}
					]
				},
				"method": "POST",
				"header": [],
				"body": {
					"mode": "raw",
					"raw": "{\r\n    \"job_type\":\"office_jobs\",\r\n    \"category_name\":\"\",\r\n    \"profession\":\"\",\r\n    \"location\":\"Nagpur\",\r\n    \"experience\":\"\",\r\n    \"pay_range\":\"\",\r\n    \"search_name\":\"new nagpur\",\r\n    \"id\":4\r\n}",
					"options": {
						"raw": {
							"language": "json"
						}
					}
				},
				"url": {
					"raw": "{{url}}/api/talent/update_search/",
					"host": [
						"{{url}}"
					],
					"path": [
						"api",
						"talent",
						"update_search",
						""
					]
				}
			},
			"response": []
		},
		{
			"name": "delete_search",
			"request": {
				"auth": {
					"type": "bearer",
					"bearer": [
						{
							"key": "token",
							"value": "eyJ0eXAiOiJKV1QiLCJhbGciOiJIUzI1NiJ9.eyJlbWFpbCI6InJhamFfZ29raGFsZUB0ZWNobm9iYXNlLmluIiwibW9iaWxlX251bWJlciI6OTY4OTQyOTM0OSwiaWQiOjM5fQ.EvjYAPDEppfLz5lfxd0N5R_ETCmA-aGQw0YlXRLqXTM",
							"type": "string"
						}
					]
				},
				"method": "POST",
				"header": [],
				"body": {
					"mode": "raw",
					"raw": "{\r\n    \"id\":5\r\n}",
					"options": {
						"raw": {
							"language": "json"
						}
					}
				},
				"url": {
					"raw": "{{url}}/api/talent/delete_search/",
					"host": [
						"{{url}}"
					],
					"path": [
						"api",
						"talent",
						"delete_search",
						""
					]
				}
			},
			"response": []
		}
	]
}