{
	"info": {
		"_postman_id": "56f34b40-9a8e-4503-9f2a-773bd6ffc7c0",
		"name": "Employer_search",
		"schema": "https://schema.getpostman.com/json/collection/v2.1.0/collection.json"
	},
	"item": [
		{
			"name": "get_all_keywords",
			"request": {
				"auth": {
					"type": "bearer",
					"bearer": [
						{
							"key": "token",
							"value": "eyJ0eXAiOiJKV1QiLCJhbGciOiJIUzI1NiJ9.eyJlbWFpbCI6InJvaGFuQGdtYWlsLmNvbSIsIm1vYmlsZV9udW1iZXIiOjk5ODg5OTg4NjYsImlkIjozfQ.Ad5luZ0QGKGE-ske41k_5LQBImKsqcnnZ4ap6JAj7j4",
							"type": "string"
						}
					]
				},
				"method": "GET",
				"header": [],
				"url": {
					"raw": "{{url}}/api/employer/get_all_keywords/",
					"host": [
						"{{url}}"
					],
					"path": [
						"api",
						"employer",
						"get_all_keywords",
						""
					]
				}
			},
			"response": []
		},
		{
			"name": "get_all_search",
			"request": {
				"auth": {
					"type": "bearer",
					"bearer": [
						{
							"key": "token",
							"value": "eyJ0eXAiOiJKV1QiLCJhbGciOiJIUzI1NiJ9.eyJlbWFpbCI6InJvaGFuQGdtYWlsLmNvbSIsIm1vYmlsZV9udW1iZXIiOjk5ODg5OTg4NjYsImlkIjozfQ.Ad5luZ0QGKGE-ske41k_5LQBImKsqcnnZ4ap6JAj7j4",
							"type": "string"
						}
					]
				},
				"method": "GET",
				"header": [],
				"url": {
					"raw": "{{url}}/api/employer/get_all_search/?id=14",
					"host": [
						"{{url}}"
					],
					"path": [
						"api",
						"employer",
						"get_all_search",
						""
					],
					"query": [
						{
							"key": "id",
							"value": "14"
						}
					]
				}
			},
			"response": []
		},
		{
			"name": "quick_search",
			"request": {
				"auth": {
					"type": "bearer",
					"bearer": [
						{
							"key": "token",
							"value": "eyJ0eXAiOiJKV1QiLCJhbGciOiJIUzI1NiJ9.eyJlbWFpbCI6InJvaGFuQGdtYWlsLmNvbSIsIm1vYmlsZV9udW1iZXIiOjk5ODg5OTg4NjYsImlkIjozfQ.Ad5luZ0QGKGE-ske41k_5LQBImKsqcnnZ4ap6JAj7j4",
							"type": "string"
						}
					]
				},
				"method": "POST",
				"header": [],
				"body": {
					"mode": "raw",
					"raw": "{\r\n    \"industries\":[\"Film & OTT\",\"TV Studio & Broadcast\"],\r\n    \"industry_location\":[\"Marathi\"]\r\n\r\n}",
					"options": {
						"raw": {
							"language": "json"
						}
					}
				},
				"url": {
					"raw": "{{url}}/api/employer/quick_search/",
					"host": [
						"{{url}}"
					],
					"path": [
						"api",
						"employer",
						"quick_search",
						""
					]
				}
			},
			"response": []
		},
		{
			"name": "quick_search_by_id",
			"request": {
				"auth": {
					"type": "bearer",
					"bearer": [
						{
							"key": "token",
							"value": "eyJ0eXAiOiJKV1QiLCJhbGciOiJIUzI1NiJ9.eyJlbWFpbCI6InJvaGFuQGdtYWlsLmNvbSIsIm1vYmlsZV9udW1iZXIiOjk5ODg5OTg4NjYsImlkIjozfQ.Ad5luZ0QGKGE-ske41k_5LQBImKsqcnnZ4ap6JAj7j4",
							"type": "string"
						}
					]
				},
				"method": "GET",
				"header": [],
				"url": {
					"raw": "{{url}}/api/employer/quick_search/?id=17",
					"host": [
						"{{url}}"
					],
					"path": [
						"api",
						"employer",
						"quick_search",
						""
					],
					"query": [
						{
							"key": "id",
							"value": "17"
						}
					]
				}
			},
			"response": []
		},
		{
			"name": "save_search",
			"request": {
				"auth": {
					"type": "bearer",
					"bearer": [
						{
							"key": "token",
							"value": "eyJ0eXAiOiJKV1QiLCJhbGciOiJIUzI1NiJ9.eyJlbWFpbCI6InJvaGFuQGdtYWlsLmNvbSIsIm1vYmlsZV9udW1iZXIiOjk5ODg5OTg4NjYsImlkIjozfQ.Ad5luZ0QGKGE-ske41k_5LQBImKsqcnnZ4ap6JAj7j4",
							"type": "string"
						}
					]
				},
				"method": "POST",
				"header": [],
				"body": {
					"mode": "raw",
					"raw": "{\r\n    \"industries\":[\"Film & OTT\",\"TV Studio & Broadcast\"],\r\n    \"industry_location\":[\"Marathis\"],\r\n    \"search_name\":\"new\"\r\n\r\n}",
					"options": {
						"raw": {
							"language": "json"
						}
					}
				},
				"url": {
					"raw": "{{url}}/api/employer/save_search/",
					"host": [
						"{{url}}"
					],
					"path": [
						"api",
						"employer",
						"save_search",
						""
					]
				}
			},
			"response": []
		},
		{
			"name": "update_search",
			"request": {
				"auth": {
					"type": "bearer",
					"bearer": [
						{
							"key": "token",
							"value": "eyJ0eXAiOiJKV1QiLCJhbGciOiJIUzI1NiJ9.eyJlbWFpbCI6InJvaGFuQGdtYWlsLmNvbSIsIm1vYmlsZV9udW1iZXIiOjk5ODg5OTg4NjYsImlkIjozfQ.Ad5luZ0QGKGE-ske41k_5LQBImKsqcnnZ4ap6JAj7j4",
							"type": "string"
						}
					]
				},
				"method": "POST",
				"header": [],
				"body": {
					"mode": "raw",
					"raw": "{\r\n    \"industries\":[\"Film & OTT\",\"TV Studio & Broadcast\"],\r\n    \"industry_location\":[\"Marathi\"],\r\n    \"search_name\":\"test2ada\",\r\n    \"id\":14\r\n\r\n}",
					"options": {
						"raw": {
							"language": "json"
						}
					}
				},
				"url": {
					"raw": "{{url}}/api/employer/update_search/",
					"host": [
						"{{url}}"
					],
					"path": [
						"api",
						"employer",
						"update_search",
						""
					]
				}
			},
			"response": []
		},
		{
			"name": "delete_search",
			"request": {
				"auth": {
					"type": "bearer",
					"bearer": [
						{
							"key": "token",
							"value": "eyJ0eXAiOiJKV1QiLCJhbGciOiJIUzI1NiJ9.eyJlbWFpbCI6InJvaGFuQGdtYWlsLmNvbSIsIm1vYmlsZV9udW1iZXIiOjk5ODg5OTg4NjYsImlkIjozfQ.Ad5luZ0QGKGE-ske41k_5LQBImKsqcnnZ4ap6JAj7j4",
							"type": "string"
						}
					]
				},
				"method": "POST",
				"header": [],
				"body": {
					"mode": "raw",
					"raw": "{\r\n    \"id\":13\r\n}",
					"options": {
						"raw": {
							"language": "json"
						}
					}
				},
				"url": {
					"raw": "{{url}}/api/employer/delete_search/",
					"host": [
						"{{url}}"
					],
					"path": [
						"api",
						"employer",
						"delete_search",
						""
					]
				}
			},
			"response": []
		}
	]
}