{
	"info": {
		"_postman_id": "f0ce2ea1-0038-47b5-99b8-9123da72a80a",
		"name": "Employer",
		"schema": "https://schema.getpostman.com/json/collection/v2.1.0/collection.json"
	},
	"item": [
		{
			"name": "login",
			"request": {
				"auth": {
					"type": "bearer",
					"bearer": [
						{
							"key": "token",
							"value": "eyJ0eXAiOiJKV1QiLCJhbGciOiJIUzI1NiJ9.eyJlbWFpbCI6InNzc0BnbWFpbC5jb20iLCJtb2JpbGVfbnVtYmVyIjo5NTgyMzY1OTg1LCJpZCI6MX0.ukE7IfCAbAdLBdU3SlKjxzGB-P1ZdEuoFTFuwZLIoWk",
							"type": "string"
						}
					]
				},
				"method": "POST",
				"header": [],
				"body": {
					"mode": "raw",
					"raw": "{\r\n  \"username\": \"swatiemp@gmail.com\",\r\n  \"password\": \"\"\r\n}",
					"options": {
						"raw": {
							"language": "json"
						}
					}
				},
				"url": {
					"raw": "{{url}}/api/employer/login/",
					"host": [
						"{{url}}"
					],
					"path": [
						"api",
						"employer",
						"login",
						""
					]
				},
				"description": "{{url}}/api/employer/login"
			},
			"response": []
		},
		{
			"name": "registration",
			"request": {
				"method": "POST",
				"header": [],
				"body": {
					"mode": "raw",
					"raw": "{\r\n  \"first_name\": \"swati\",\r\n  \"last_name\": \"badhiye\",\r\n  \"mobile_number\": 9582365985,\r\n  \"email\": \"swatiemp@gmail.com\",\r\n  \"password\": \"pass123\",\r\n  \"confirm_password\": \"pass123\"\r\n}",
					"options": {
						"raw": {
							"language": "json"
						}
					}
				},
				"url": {
					"raw": "{{url}}/api/employer/registration/",
					"host": [
						"{{url}}"
					],
					"path": [
						"api",
						"employer",
						"registration",
						""
					]
				},
				"description": "{{url}}/api/employer/registration"
			},
			"response": []
		},
		{
			"name": "verifyOtp",
			"request": {
				"method": "POST",
				"header": [],
				"body": {
					"mode": "raw",
					"raw": "{\r\n  \"enc_id\": \"MQ==\",\r\n  \"otp\": 68584\r\n}",
					"options": {
						"raw": {
							"language": "json"
						}
					}
				},
				"url": {
					"raw": "{{url}}/api/employer/verifyOtp",
					"host": [
						"{{url}}"
					],
					"path": [
						"api",
						"employer",
						"verifyOtp"
					]
				},
				"description": "{{url}}/api/employer/verifyOtp"
			},
			"response": []
		},
		{
			"name": "resendOtp",
			"request": {
				"method": "POST",
				"header": [],
				"body": {
					"mode": "raw",
					"raw": "{\r\n    \"enc_id\": \"MQ==\"\r\n}",
					"options": {
						"raw": {
							"language": "json"
						}
					}
				},
				"url": {
					"raw": "{{url}}/api/employer/resendOtp",
					"host": [
						"{{url}}"
					],
					"path": [
						"api",
						"employer",
						"resendOtp"
					]
				},
				"description": "{{url}}/api/employer/resendOtp"
			},
			"response": []
		}
	]
}