{
	"info": {
		"_postman_id": "cfa00330-1cbf-4b6e-b667-d210977814f9",
		"name": "Portfolio",
		"schema": "https://schema.getpostman.com/json/collection/v2.1.0/collection.json"
	},
	"item": [
		{
			"name": "upload_portfolio",
			"request": {
				"auth": {
					"type": "bearer",
					"bearer": [
						{
							"key": "token",
							"value": "eyJ0eXAiOiJKV1QiLCJhbGciOiJIUzI1NiJ9.eyJlbWFpbCI6InN3YXRpQGdtYWlsLmNvbSIsIm1vYmlsZV9udW1iZXIiOjk2NTgyMzY1NDgsImlkIjoyM30.ajow4FIAmqs0buPFPZXD46lpCrMR_RBsAiPRocoez38",
							"type": "string"
						}
					]
				},
				"method": "POST",
				"header": [
					{
						"key": "files",
						"type": "text",
						"value": ""
					}
				],
				"body": {
					"mode": "formdata",
					"formdata": [
						{
							"key": "files",
							"type": "file",
							"src": "/C:/Users/swati.badhiye/Downloads/download (3).jpg"
						},
						{
							"key": "media_type",
							"value": "photos",
							"type": "text"
						},
						{
							"key": "files",
							"type": "file",
							"src": "/C:/Users/swati.badhiye/Downloads/download (1).jpg"
						}
					]
				},
				"url": {
					"raw": "{{url}}/api/talent/upload_portfolio",
					"host": [
						"{{url}}"
					],
					"path": [
						"api",
						"talent",
						"upload_portfolio"
					]
				}
			},
			"response": []
		},
		{
			"name": "uploadfiles",
			"request": {
				"auth": {
					"type": "bearer",
					"bearer": [
						{
							"key": "token",
							"value": "eyJ0eXAiOiJKV1QiLCJhbGciOiJIUzI1NiJ9.eyJlbWFpbCI6InN3YXRpQGdtYWlsLmNvbSIsIm1vYmlsZV9udW1iZXIiOjk2NTgyMTY1NDgsImlkIjoyM30.D923savuuQF500FoEPAiZ60zZnjKbzFqIl5jFN2cFWo",
							"type": "string"
						}
					]
				},
				"method": "POST",
				"header": [],
				"body": {
					"mode": "formdata",
					"formdata": [
						{
							"key": "files",
							"type": "file",
							"src": "/C:/Users/raja.gokhale/Desktop/no-image.png"
						},
						{
							"key": "files",
							"type": "file",
							"src": "/C:/Users/raja.gokhale/Desktop/login-bg.jpg"
						}
					]
				},
				"url": {
					"raw": "{{url}}/api/talent/uploadfiles",
					"host": [
						"{{url}}"
					],
					"path": [
						"api",
						"talent",
						"uploadfiles"
					]
				}
			},
			"response": []
		},
		{
			"name": "get_talent_albums",
			"request": {
				"auth": {
					"type": "bearer",
					"bearer": [
						{
							"key": "token",
							"value": "eyJ0eXAiOiJKV1QiLCJhbGciOiJIUzI1NiJ9.eyJlbWFpbCI6ImtrbGl2ZUB0YnNpbmQuY29tIiwibW9iaWxlX251bWJlciI6ODc2NzY4NTQzNiwiaWQiOjIxfQ.vzpOAaYEydlSF6SZ3y4nxCpGnGlvxxfMRayU4U_toZk",
							"type": "string"
						}
					]
				},
				"method": "POST",
				"header": [],
				"body": {
					"mode": "raw",
					"raw": "{\r\n    \"media_type\":\"photo_albums\"\r\n}",
					"options": {
						"raw": {
							"language": "json"
						}
					}
				},
				"url": {
					"raw": "{{url}}/api/talent/get_talent_albums",
					"host": [
						"{{url}}"
					],
					"path": [
						"api",
						"talent",
						"get_talent_albums"
					]
				},
				"description": "{{url}}/api/talent/get_talent_albums"
			},
			"response": []
		},
		{
			"name": "get_talent_portfolio",
			"request": {
				"auth": {
					"type": "bearer",
					"bearer": [
						{
							"key": "token",
							"value": "eyJ0eXAiOiJKV1QiLCJhbGciOiJIUzI1NiJ9.eyJlbWFpbCI6InN3YXRpQGdtYWlsLmNvbSIsIm1vYmlsZV9udW1iZXIiOjk2NTgyMzY1NDgsImlkIjoyM30.ajow4FIAmqs0buPFPZXD46lpCrMR_RBsAiPRocoez38",
							"type": "string"
						}
					]
				},
				"method": "POST",
				"header": [],
				"body": {
					"mode": "raw",
					"raw": "{\r\n    \"media_type\":\"photos\"\r\n}",
					"options": {
						"raw": {
							"language": "json"
						}
					}
				},
				"url": {
					"raw": "{{url}}/api/talent/get_talent_portfolio/",
					"host": [
						"{{url}}"
					],
					"path": [
						"api",
						"talent",
						"get_talent_portfolio",
						""
					]
				}
			},
			"response": []
		},
		{
			"name": "add_album_photos",
			"request": {
				"auth": {
					"type": "bearer",
					"bearer": [
						{
							"key": "token",
							"value": "eyJ0eXAiOiJKV1QiLCJhbGciOiJIUzI1NiJ9.eyJlbWFpbCI6InN3YXRpQGdtYWlsLmNvbSIsIm1vYmlsZV9udW1iZXIiOjk2NTgyMzY1NDgsImlkIjoyM30.ajow4FIAmqs0buPFPZXD46lpCrMR_RBsAiPRocoez38",
							"type": "string"
						}
					]
				},
				"method": "POST",
				"header": [],
				"body": {
					"mode": "raw",
					"raw": "{\r\n    \"album_id\": 447623,\r\n    \"media_type\": \"photo_albums\",\r\n    \"medias\": [\r\n      {\r\n        \"id\": 171699,\r\n        \"imgurl\": \"https://tk-talent-portfolio-s.s3.ap-south-1.amazonaws.com/swatibadhiye23/portfolio/23_5817_portfolio.jpg\"\r\n      }\r\n    ]\r\n}",
					"options": {
						"raw": {
							"language": "json"
						}
					}
				},
				"url": {
					"raw": "{{url}}/api/talent/add_album_photos/",
					"host": [
						"{{url}}"
					],
					"path": [
						"api",
						"talent",
						"add_album_photos",
						""
					]
				}
			},
			"response": []
		},
		{
			"name": "create_talent_album",
			"request": {
				"auth": {
					"type": "bearer",
					"bearer": [
						{
							"key": "token",
							"value": "eyJ0eXAiOiJKV1QiLCJhbGciOiJIUzI1NiJ9.eyJlbWFpbCI6InN3YXRpQGdtYWlsLmNvbSIsIm1vYmlsZV9udW1iZXIiOjk2NTgyMzY1NDgsImlkIjoyM30.ajow4FIAmqs0buPFPZXD46lpCrMR_RBsAiPRocoez38",
							"type": "string"
						}
					]
				},
				"method": "POST",
				"header": [],
				"body": {
					"mode": "raw",
					"raw": "{\r\n    \"album_name\":\"first_album\",\r\n    \"media_type\":\"photo_albums\"\r\n}",
					"options": {
						"raw": {
							"language": "json"
						}
					}
				},
				"url": {
					"raw": "{{url}}/api/talent/create_talent_album",
					"host": [
						"{{url}}"
					],
					"path": [
						"api",
						"talent",
						"create_talent_album"
					]
				}
			},
			"response": []
		},
		{
			"name": "get_album_photos",
			"request": {
				"auth": {
					"type": "bearer",
					"bearer": [
						{
							"key": "token",
							"value": "eyJ0eXAiOiJKV1QiLCJhbGciOiJIUzI1NiJ9.eyJlbWFpbCI6InN3YXRpQGdtYWlsLmNvbSIsIm1vYmlsZV9udW1iZXIiOjk2NTgyMzY1NDgsImlkIjoyM30.ajow4FIAmqs0buPFPZXD46lpCrMR_RBsAiPRocoez38",
							"type": "string"
						}
					]
				},
				"method": "POST",
				"header": [],
				"body": {
					"mode": "raw",
					"raw": "{\"media_type\":\"photo_albums\",\"id\":447623}",
					"options": {
						"raw": {
							"language": "json"
						}
					}
				},
				"url": {
					"raw": "{{url}}/api/talent/get_album_photos",
					"host": [
						"{{url}}"
					],
					"path": [
						"api",
						"talent",
						"get_album_photos"
					]
				},
				"description": "{{url}}/api/talent/get_album_photos"
			},
			"response": []
		},
		{
			"name": "delete_talent_portfolio",
			"request": {
				"auth": {
					"type": "bearer",
					"bearer": [
						{
							"key": "token",
							"value": "eyJ0eXAiOiJKV1QiLCJhbGciOiJIUzI1NiJ9.eyJlbWFpbCI6InN3YXRpQGdtYWlsLmNvbSIsIm1vYmlsZV9udW1iZXIiOjk2NTgyMzY1NDgsImlkIjoyM30.ajow4FIAmqs0buPFPZXD46lpCrMR_RBsAiPRocoez38",
							"type": "string"
						}
					]
				},
				"method": "POST",
				"header": [],
				"body": {
					"mode": "raw",
					"raw": "{\r\n    \"id\":1,\r\n    \"media_type\":\"photos\"\r\n}",
					"options": {
						"raw": {
							"language": "json"
						}
					}
				},
				"url": {
					"raw": "{{url}}/api/talent/delete_talent_portfolio/",
					"host": [
						"{{url}}"
					],
					"path": [
						"api",
						"talent",
						"delete_talent_portfolio",
						""
					]
				},
				"description": "{{url}}/api/talent/delete_talent_portfolio/"
			},
			"response": []
		},
		{
			"name": "update_talent_portfolio",
			"request": {
				"auth": {
					"type": "bearer",
					"bearer": [
						{
							"key": "token",
							"value": "eyJ0eXAiOiJKV1QiLCJhbGciOiJIUzI1NiJ9.eyJlbWFpbCI6InN3YXRpQGdtYWlsLmNvbSIsIm1vYmlsZV9udW1iZXIiOjk2NTgyMzY1NDgsImlkIjoyM30.ajow4FIAmqs0buPFPZXD46lpCrMR_RBsAiPRocoez38",
							"type": "string"
						}
					]
				},
				"method": "POST",
				"header": [],
				"body": {
					"mode": "raw",
					"raw": "{\r\n    \"id\":1,\r\n    \"name\":\"wwwwwwwww\",\r\n    \"year\":\"2021\",\r\n    \"other\":\"authority\",\r\n    \"media_type\":\"awards\"\r\n}",
					"options": {
						"raw": {
							"language": "json"
						}
					}
				},
				"url": {
					"raw": "{{url}}/api/talent/update_talent_portfolio/",
					"host": [
						"{{url}}"
					],
					"path": [
						"api",
						"talent",
						"update_talent_portfolio",
						""
					]
				},
				"description": "{{url}}/api/talent/update_talent_portfolio/"
			},
			"response": []
		},
		{
			"name": "get_single_portfolio",
			"request": {
				"auth": {
					"type": "bearer",
					"bearer": [
						{
							"key": "token",
							"value": "eyJ0eXAiOiJKV1QiLCJhbGciOiJIUzI1NiJ9.eyJlbWFpbCI6InRydXB0aUBnbWFpbC5jb20iLCJtb2JpbGVfbnVtYmVyIjo4OTg5ODk4OTg5LCJpZCI6Mzd9.PzH3208tJTlsBo7ZpDV5LDR_Bv8Oz5dnXicgixcBQ-8",
							"type": "string"
						}
					]
				},
				"method": "POST",
				"header": [],
				"body": {
					"mode": "raw",
					"raw": "{\"media_type\":\"photos\",\"id\":601958}",
					"options": {
						"raw": {
							"language": "json"
						}
					}
				},
				"url": {
					"raw": "{{url}}/api/talent/get_single_portfolio",
					"host": [
						"{{url}}"
					],
					"path": [
						"api",
						"talent",
						"get_single_portfolio"
					]
				},
				"description": "{{url}}/api/talent/get_single_portfolio\r\n\r\nfor photos, videos, audios & awards"
			},
			"response": []
		},
		{
			"name": "delete_talent_albums",
			"request": {
				"auth": {
					"type": "bearer",
					"bearer": [
						{
							"key": "token",
							"value": "eyJ0eXAiOiJKV1QiLCJhbGciOiJIUzI1NiJ9.eyJlbWFpbCI6InN3YXRpQGdtYWlsLmNvbSIsIm1vYmlsZV9udW1iZXIiOjk2NTgyMzY1NDgsImlkIjoyM30.ajow4FIAmqs0buPFPZXD46lpCrMR_RBsAiPRocoez38",
							"type": "string"
						}
					]
				},
				"method": "POST",
				"header": [],
				"body": {
					"mode": "raw",
					"raw": "{\r\n    \"id\":1,\r\n    \"media_type\":\"videos_albums\"\r\n}",
					"options": {
						"raw": {
							"language": "json"
						}
					}
				},
				"url": {
					"raw": "{{url}}/api/talent/delete_talent_albums/",
					"host": [
						"{{url}}"
					],
					"path": [
						"api",
						"talent",
						"delete_talent_albums",
						""
					]
				},
				"description": "{{url}}/api/talent/delete_talent_albums/"
			},
			"response": []
		}
	]
}