{
	"info": {
		"_postman_id": "dd5366d4-4901-4995-973b-b2261ee4e3f2",
		"name": "Talent_Calendar",
		"schema": "https://schema.getpostman.com/json/collection/v2.1.0/collection.json"
	},
	"item": [
		{
			"name": "create_appointment",
			"request": {
				"auth": {
					"type": "bearer",
					"bearer": [
						{
							"key": "token",
							"value": "eyJ0eXAiOiJKV1QiLCJhbGciOiJIUzI1NiJ9.eyJlbWFpbCI6InN3YXRpQGdtYWlsLmNvbSIsIm1vYmlsZV9udW1iZXIiOjk2NTgyMTY1NDgsImlkIjoyM30.D923savuuQF500FoEPAiZ60zZnjKbzFqIl5jFN2cFWo",
							"type": "string"
						}
					]
				},
				"method": "POST",
				"header": [],
				"body": {
					"mode": "raw",
					"raw": "{\r\n    \"salutation\":\"Mr\",\r\n    \"event_type\":\"Appointment\",\r\n    \"title\":\"Meeting with client\",\r\n    \"description\":\"That is the test meeting\",\r\n    \"appointment_date\":\"2021-04-21\",\r\n    \"start\":\"15:00:00\",\r\n    \"end\":\"16:00:00\"\r\n}",
					"options": {
						"raw": {
							"language": "json"
						}
					}
				},
				"url": {
					"raw": "{{url}}/api/talent/create_appointment",
					"host": [
						"{{url}}"
					],
					"path": [
						"api",
						"talent",
						"create_appointment"
					]
				}
			},
			"response": []
		},
		{
			"name": "update_appointment",
			"request": {
				"auth": {
					"type": "bearer",
					"bearer": [
						{
							"key": "token",
							"value": "eyJ0eXAiOiJKV1QiLCJhbGciOiJIUzI1NiJ9.eyJlbWFpbCI6InN3YXRpQGdtYWlsLmNvbSIsIm1vYmlsZV9udW1iZXIiOjk2NTgyMzY1NDgsImlkIjoyM30.ajow4FIAmqs0buPFPZXD46lpCrMR_RBsAiPRocoez38",
							"type": "string"
						}
					]
				},
				"method": "POST",
				"header": [],
				"body": {
					"mode": "raw",
					"raw": "{\r\n    \"salutation\":\"Mr\",\r\n    \"event_type\":\"Appointment\",\r\n    \"title\":\"Meeting with client\",\r\n    \"description\":\"That is the test meeting\",\r\n    \"appointment_date\":\"2022-04-15\",\r\n    \"start\":\"20:00:00\",\r\n    \"end\":\"22:00:00\",\r\n    \"id\":88\r\n}",
					"options": {
						"raw": {
							"language": "json"
						}
					}
				},
				"url": {
					"raw": "{{url}}/api/talent/update_appointment",
					"host": [
						"{{url}}"
					],
					"path": [
						"api",
						"talent",
						"update_appointment"
					]
				}
			},
			"response": []
		},
		{
			"name": "get_single_event",
			"request": {
				"auth": {
					"type": "bearer",
					"bearer": [
						{
							"key": "token",
							"value": "eyJ0eXAiOiJKV1QiLCJhbGciOiJIUzI1NiJ9.eyJlbWFpbCI6InN3YXRpQGdtYWlsLmNvbSIsIm1vYmlsZV9udW1iZXIiOjk2NTgyMTY1NDgsImlkIjoyM30.D923savuuQF500FoEPAiZ60zZnjKbzFqIl5jFN2cFWo",
							"type": "string"
						}
					]
				},
				"method": "GET",
				"header": [],
				"url": {
					"raw": "{{url}}/api/talent/get_event/85",
					"host": [
						"{{url}}"
					],
					"path": [
						"api",
						"talent",
						"get_event",
						"85"
					]
				}
			},
			"response": []
		},
		{
			"name": "create-work-engagement",
			"request": {
				"auth": {
					"type": "bearer",
					"bearer": [
						{
							"key": "token",
							"value": "eyJ0eXAiOiJKV1QiLCJhbGciOiJIUzI1NiJ9.eyJlbWFpbCI6InN3YXRpQGdtYWlsLmNvbSIsIm1vYmlsZV9udW1iZXIiOjk2NTgyMzY1NDgsImlkIjoyM30.ajow4FIAmqs0buPFPZXD46lpCrMR_RBsAiPRocoez38",
							"type": "string"
						}
					]
				},
				"method": "POST",
				"header": [],
				"body": {
					"mode": "raw",
					"raw": "{\r\n    \"event_type\":\"Work Engagement\",    \r\n    \"title\": \"Busy with Client\",\r\n    \"start_date\": \"2022-04-10\",\r\n    \"end_date\": \"2022-04-11\",\r\n    \"description\": \"That is testing\"\r\n}",
					"options": {
						"raw": {
							"language": "json"
						}
					}
				},
				"url": {
					"raw": "{{url}}/api/talent/create_work_engagement",
					"host": [
						"{{url}}"
					],
					"path": [
						"api",
						"talent",
						"create_work_engagement"
					]
				}
			},
			"response": []
		},
		{
			"name": "update_work_engagement",
			"request": {
				"auth": {
					"type": "bearer",
					"bearer": [
						{
							"key": "token",
							"value": "eyJ0eXAiOiJKV1QiLCJhbGciOiJIUzI1NiJ9.eyJlbWFpbCI6InN3YXRpQGdtYWlsLmNvbSIsIm1vYmlsZV9udW1iZXIiOjk2NTgyMzY1NDgsImlkIjoyM30.ajow4FIAmqs0buPFPZXD46lpCrMR_RBsAiPRocoez38",
							"type": "string"
						}
					]
				},
				"method": "POST",
				"header": [],
				"body": {
					"mode": "raw",
					"raw": "{\r\n    \"event_type\":\"Work Engagement\",    \r\n    \"title\": \"Busy with Client\",\r\n    \"start_date\": \"2022-04-10\",\r\n    \"end_date\": \"2022-04-11\",\r\n    \"description\": \"That is testing \",\r\n    \"id\":86\r\n}",
					"options": {
						"raw": {
							"language": "json"
						}
					}
				},
				"url": {
					"raw": "{{url}}/api/talent/update_work_engagement",
					"host": [
						"{{url}}"
					],
					"path": [
						"api",
						"talent",
						"update_work_engagement"
					]
				}
			},
			"response": []
		},
		{
			"name": "get_all_event",
			"request": {
				"auth": {
					"type": "bearer",
					"bearer": [
						{
							"key": "token",
							"value": "eyJ0eXAiOiJKV1QiLCJhbGciOiJIUzI1NiJ9.eyJlbWFpbCI6InN3YXRpQGdtYWlsLmNvbSIsIm1vYmlsZV9udW1iZXIiOjk2NTgyMzY1NDgsImlkIjoyM30.ajow4FIAmqs0buPFPZXD46lpCrMR_RBsAiPRocoez38",
							"type": "string"
						}
					]
				},
				"method": "POST",
				"header": [],
				"body": {
					"mode": "raw",
					"raw": "{\r\n    \"start\":\"2022-04-09\",\r\n    \"end\":\"2022-04-18\"\r\n}",
					"options": {
						"raw": {
							"language": "json"
						}
					}
				},
				"url": {
					"raw": "{{url}}/api/talent/get_all_event",
					"host": [
						"{{url}}"
					],
					"path": [
						"api",
						"talent",
						"get_all_event"
					]
				}
			},
			"response": []
		}
	]
}