{
	"info": {
		"_postman_id": "524b8e06-5999-4e36-9e55-99b588241d36",
		"name": "Talent-Settings",
		"schema": "https://schema.getpostman.com/json/collection/v2.1.0/collection.json"
	},
	"item": [
		{
			"name": "talent_update_notification",
			"request": {
				"auth": {
					"type": "bearer",
					"bearer": [
						{
							"key": "token",
							"value": "eyJ0eXAiOiJKV1QiLCJhbGciOiJIUzI1NiJ9.eyJlbWFpbCI6InJhamFfZ29raGFsZUB0ZWNobm9iYXNlLmluIiwibW9iaWxlX251bWJlciI6OTY4OTQyOTM0OSwiaWQiOjM5fQ.EvjYAPDEppfLz5lfxd0N5R_ETCmA-aGQw0YlXRLqXTM",
							"type": "string"
						}
					]
				},
				"method": "POST",
				"header": [],
				"body": {
					"mode": "raw",
					"raw": "{\r\n    \"recommended_notification\":1,\r\n    \"notification_from_employers\":1,\r\n    \"notifications_from_agents\":1,\r\n    \"notification_from_networks\":1,\r\n    \"notifications_from_talentkind\":1,\r\n    \"talentkind_newsletter\":1\r\n}",
					"options": {
						"raw": {
							"language": "json"
						}
					}
				},
				"url": {
					"raw": "{{url}}/api/talent/talent_update_notification",
					"host": [
						"{{url}}"
					],
					"path": [
						"api",
						"talent",
						"talent_update_notification"
					]
				}
			},
			"response": []
		},
		{
			"name": "talent_delete_account",
			"request": {
				"auth": {
					"type": "bearer",
					"bearer": [
						{
							"key": "token",
							"value": "eyJ0eXAiOiJKV1QiLCJhbGciOiJIUzI1NiJ9.eyJlbWFpbCI6InN3YXRpQGdtYWlsLmNvbSIsIm1vYmlsZV9udW1iZXIiOjk2NTgyMzY1NDgsImlkIjoyM30.ajow4FIAmqs0buPFPZXD46lpCrMR_RBsAiPRocoez38",
							"type": "string"
						}
					]
				},
				"method": "POST",
				"header": [],
				"body": {
					"mode": "raw",
					"raw": "{\"is_delete\":\"0\"}",
					"options": {
						"raw": {
							"language": "json"
						}
					}
				},
				"url": {
					"raw": "{{url}}/api/talent/talent_delete_account",
					"host": [
						"{{url}}"
					],
					"path": [
						"api",
						"talent",
						"talent_delete_account"
					]
				}
			},
			"response": []
		},
		{
			"name": "talent_change_status",
			"request": {
				"auth": {
					"type": "bearer",
					"bearer": [
						{
							"key": "token",
							"value": "eyJ0eXAiOiJKV1QiLCJhbGciOiJIUzI1NiJ9.eyJlbWFpbCI6InJhamFfZ29raGFsZUB0ZWNobm9iYXNlLmluIiwibW9iaWxlX251bWJlciI6OTY4OTQyOTM0OSwiaWQiOjM5fQ.EvjYAPDEppfLz5lfxd0N5R_ETCmA-aGQw0YlXRLqXTM",
							"type": "string"
						}
					]
				},
				"method": "POST",
				"header": [],
				"body": {
					"mode": "raw",
					"raw": "{\r\n    \"is_active\":\"1\"\r\n}",
					"options": {
						"raw": {
							"language": "json"
						}
					}
				},
				"url": {
					"raw": "{{url}}/api/talent/talent_change_status",
					"host": [
						"{{url}}"
					],
					"path": [
						"api",
						"talent",
						"talent_change_status"
					]
				}
			},
			"response": []
		},
		{
			"name": "talent_update_account",
			"request": {
				"auth": {
					"type": "bearer",
					"bearer": [
						{
							"key": "token",
							"value": "eyJ0eXAiOiJKV1QiLCJhbGciOiJIUzI1NiJ9.eyJlbWFpbCI6InN3YXRpQGdtYWlsLmNvbSIsIm1vYmlsZV9udW1iZXIiOjk2NTgyMzY1NDgsImlkIjoyM30.ajow4FIAmqs0buPFPZXD46lpCrMR_RBsAiPRocoez38",
							"type": "string"
						}
					]
				},
				"method": "POST",
				"header": [],
				"body": {
					"mode": "raw",
					"raw": "{\r\n    \"first_name\":\"Swati B\",\r\n    \"last_name\":\"Badhiye\",\r\n    \"mobile_number\":\"9658216548\",\r\n    \"email\":\"swati@gmail.com\"\r\n}",
					"options": {
						"raw": {
							"language": "json"
						}
					}
				},
				"url": {
					"raw": "{{url}}/api/talent/talent_update_account",
					"host": [
						"{{url}}"
					],
					"path": [
						"api",
						"talent",
						"talent_update_account"
					]
				}
			},
			"response": []
		},
		{
			"name": "talent_change_password",
			"request": {
				"auth": {
					"type": "bearer",
					"bearer": [
						{
							"key": "token",
							"value": "eyJ0eXAiOiJKV1QiLCJhbGciOiJIUzI1NiJ9.eyJlbWFpbCI6InJhamFfZ29raGFsZUB0ZWNobm9iYXNlLmluIiwibW9iaWxlX251bWJlciI6OTY4OTQyOTM0OSwiaWQiOjM5fQ.EvjYAPDEppfLz5lfxd0N5R_ETCmA-aGQw0YlXRLqXTM",
							"type": "string"
						}
					]
				},
				"method": "POST",
				"header": [],
				"body": {
					"mode": "raw",
					"raw": "{\r\n    \"old_password\":\"pass123\",\r\n    \"new_password\":\"\",\r\n    \"confirm_password\":\"fdsfsdfdsf\"\r\n}",
					"options": {
						"raw": {
							"language": "json"
						}
					}
				},
				"url": {
					"raw": "{{url}}/api/talent/talent_change_password",
					"host": [
						"{{url}}"
					],
					"path": [
						"api",
						"talent",
						"talent_change_password"
					]
				}
			},
			"response": []
		},
		{
			"name": "talent_update_profile_visibility",
			"request": {
				"auth": {
					"type": "bearer",
					"bearer": [
						{
							"key": "token",
							"value": "eyJ0eXAiOiJKV1QiLCJhbGciOiJIUzI1NiJ9.eyJlbWFpbCI6InJhamFfZ29raGFsZUB0ZWNobm9iYXNlLmluIiwibW9iaWxlX251bWJlciI6OTY4OTQyOTM0OSwiaWQiOjM5fQ.EvjYAPDEppfLz5lfxd0N5R_ETCmA-aGQw0YlXRLqXTM",
							"type": "string"
						}
					]
				},
				"method": "POST",
				"header": [],
				"body": {
					"mode": "raw",
					"raw": "{ \r\n    \"profile\":{\r\n        \"public\":1,\r\n        \"private\":0,\r\n        \"protected\":0\r\n    },\r\n    \"photos\":{\r\n        \"public\":1,\r\n        \"private\":0,\r\n        \"protected\":0\r\n    },\r\n    \"videos\":{\r\n        \"public\":0,\r\n        \"private\":0,\r\n        \"protected\":0\r\n    },\r\n     \"audios\":{\r\n        \"public\":0,\r\n        \"private\":0,\r\n        \"protected\":0\r\n    },\r\n    \"awards\":{\r\n        \"public\":0,\r\n        \"private\":0,\r\n        \"protected\":0\r\n    }\r\n}",
					"options": {
						"raw": {
							"language": "json"
						}
					}
				},
				"url": {
					"raw": "{{url}}/api/talent/talent_update_profile_visibility",
					"host": [
						"{{url}}"
					],
					"path": [
						"api",
						"talent",
						"talent_update_profile_visibility"
					]
				}
			},
			"response": []
		},
		{
			"name": "talent_get_profile_visibility",
			"protocolProfileBehavior": {
				"disableBodyPruning": true
			},
			"request": {
				"auth": {
					"type": "bearer",
					"bearer": [
						{
							"key": "token",
							"value": "eyJ0eXAiOiJKV1QiLCJhbGciOiJIUzI1NiJ9.eyJlbWFpbCI6InN3YXRpQGdtYWlsLmNvbSIsIm1vYmlsZV9udW1iZXIiOjk2NTgyMTY1NDgsImlkIjoyM30.D923savuuQF500FoEPAiZ60zZnjKbzFqIl5jFN2cFWo",
							"type": "string"
						}
					]
				},
				"method": "GET",
				"header": [],
				"body": {
					"mode": "raw",
					"raw": ""
				},
				"url": {
					"raw": "{{url}}/api/talent/talent_get_profile_visibility",
					"host": [
						"{{url}}"
					],
					"path": [
						"api",
						"talent",
						"talent_get_profile_visibility"
					]
				}
			},
			"response": []
		},
		{
			"name": "talent_get_account",
			"request": {
				"auth": {
					"type": "bearer",
					"bearer": [
						{
							"key": "token",
							"value": "eyJ0eXAiOiJKV1QiLCJhbGciOiJIUzI1NiJ9.eyJlbWFpbCI6InJhamFfZ29raGFsZUB0ZWNobm9iYXNlLmluIiwibW9iaWxlX251bWJlciI6OTY4OTQyOTM0OSwiaWQiOjM5fQ.EvjYAPDEppfLz5lfxd0N5R_ETCmA-aGQw0YlXRLqXTM",
							"type": "string"
						}
					]
				},
				"method": "GET",
				"header": [],
				"url": {
					"raw": "{{url}}/api/talent/talent_get_account",
					"host": [
						"{{url}}"
					],
					"path": [
						"api",
						"talent",
						"talent_get_account"
					]
				}
			},
			"response": []
		},
		{
			"name": "talent_get_notification",
			"request": {
				"auth": {
					"type": "bearer",
					"bearer": [
						{
							"key": "token",
							"value": "eyJ0eXAiOiJKV1QiLCJhbGciOiJIUzI1NiJ9.eyJlbWFpbCI6InJhamFfZ29raGFsZUB0ZWNobm9iYXNlLmluIiwibW9iaWxlX251bWJlciI6OTY4OTQyOTM0OSwiaWQiOjM5fQ.EvjYAPDEppfLz5lfxd0N5R_ETCmA-aGQw0YlXRLqXTM",
							"type": "string"
						}
					]
				},
				"method": "GET",
				"header": [],
				"url": {
					"raw": "{{url}}/api/talent/talent_get_notification",
					"host": [
						"{{url}}"
					],
					"path": [
						"api",
						"talent",
						"talent_get_notification"
					]
				}
			},
			"response": []
		}
	]
}